emerg_counter,flag,torque,steering
--,iteration0,--
0,1,17.9199,-5.53634e-37
--,iteration1,--
0,1,17.641,0.000740849
--,iteration2,--
0,1,17.3759,-0.749259
--,iteration3,--
0,1,17.1713,-0.443381
--,iteration4,--
0,1,16.9613,-0.134735
--,iteration5,--
0,1,9.71634,0.176661
--,iteration6,--
0,1,9.50343,0.490791
--,iteration7,--
0,1,9.31356,0.807637
--,iteration8,--
0,1,9.15333,1.12433
--,iteration9,--
0,1,5.0928,1.43438
--,iteration10,--
0,1,5.30526,1.69892
--,iteration11,--
0,1,6.24061,1.89628
--,iteration12,--
0,1,10.8056,1.87813
--,iteration13,--
0,1,15.3706,2.36674
--,iteration14,--
0,1,5.45907,2.59576
--,iteration15,--
0,1,10.0241,2.19768
--,iteration16,--
0,1,7.92217,1.66499
--,iteration17,--
0,1,12.4872,1.73562
--,iteration18,--
0,1,7.23792,2.24033
--,iteration19,--
0,1,5.52934,2.04716
--,iteration20,--
0,1,10.0943,2.14778
--,iteration21,--
0,1,14.6593,1.98395
--,iteration22,--
0,1,19.2243,1.68567
--,iteration23,--
0,1,23.7893,1.3502
--,iteration24,--
0,1,28.3543,1.03083
--,iteration25,--
0,1,32.9193,0.869067
--,iteration26,--
0,1,37.4843,0.77859
--,iteration27,--
0,1,42.0493,0.576633
--,iteration28,--
0,1,46.6143,0.523555
--,iteration29,--
0,1,51.1793,0.258197
--,iteration30,--
0,1,55.7443,0.412651
--,iteration31,--
0,1,60.3093,0.145485
--,iteration32,--
0,1,64.8743,-0.237386
--,iteration33,--
0,1,69.4393,-0.197624
--,iteration34,--
0,1,74.0043,-0.00772472
--,iteration35,--
0,1,78.5693,-0.33742
--,iteration36,--
0,1,83.1343,-0.533136
--,iteration37,--
0,1,87.6993,-0.653583
--,iteration38,--
0,1,92.2643,-0.635621
--,iteration39,--
0,1,96.8293,-0.656055
--,iteration40,--
0,1,100.341,-0.803916
--,iteration41,--
0,1,102.338,-1.00505
--,iteration42,--
0,1,103.934,-0.25505
--,iteration43,--
0,1,104.66,0.0365279
--,iteration44,--
0,1,104.045,-0.186548
--,iteration45,--
0,1,102.398,0.0811486
--,iteration46,--
0,1,100.599,0.283423
--,iteration47,--
0,1,97.9005,0.0289963
--,iteration48,--
0,1,94.4313,0.153449
--,iteration49,--
0,1,90.595,0.515988
--,iteration50,--
0,1,86.2116,0.487136
--,iteration51,--
0,1,81.8605,0.186591
--,iteration52,--
0,1,77.2955,0.275898
--,iteration53,--
0,1,72.9747,0.265421
--,iteration54,--
0,1,68.4097,0.461999
--,iteration55,--
0,1,63.8447,0.139087
--,iteration56,--
0,1,59.2797,0.0682245
--,iteration57,--
0,1,54.7147,-0.152026
--,iteration58,--
0,1,50.2869,-0.114624
--,iteration59,--
0,1,45.7219,-0.43338
--,iteration60,--
0,1,41.1569,0.102892
--,iteration61,--
0,1,37.2381,0.184263
--,iteration62,--
0,1,33.1318,0.251024
--,iteration63,--
0,1,29.088,0.099161
--,iteration64,--
0,1,25.7328,-0.284501
--,iteration65,--
0,1,22.2123,-0.263649
--,iteration66,--
0,1,19.2734,-0.620341
--,iteration67,--
0,1,16.3261,-0.396505
--,iteration68,--
0,1,13.886,-0.633052
--,iteration69,--
0,1,11.4398,0.116948
--,iteration70,--
0,1,9.43396,0.23331
--,iteration71,--
0,1,7.30692,-0.376523
--,iteration72,--
0,1,5.72527,-0.192293
--,iteration73,--
0,1,4.05499,0.00317055
--,iteration74,--
0,1,2.89848,0.00333541
--,iteration75,--
0,1,1.4803,-0.207299
--,iteration76,--
0,1,0.769778,-0.260426
--,iteration77,--
0,1,-0.197265,0.457484
--,iteration78,--
0,1,-0.606461,0.0270024
--,iteration79,--
0,1,-1.23737,-0.419746
--,iteration80,--
0,1,-1.47412,-0.213002
--,iteration81,--
0,1,-1.88664,0.235764
--,iteration82,--
0,1,-1.83724,0.159439
--,iteration83,--
0,1,-1.99035,0.390266
--,iteration84,--
0,1,-1.78057,0.289584
--,iteration85,--
0,1,-1.82009,0.470592
--,iteration86,--
0,1,-1.45529,-0.279408
--,iteration87,--
0,1,-1.32349,-0.0638022
--,iteration88,--
0,1,-1.423,0.0388371
--,iteration89,--
0,1,-1.02845,-0.592385
--,iteration90,--
0,1,-0.973127,-0.252984
--,iteration91,--
0,1,-0.576158,-0.111847
--,iteration92,--
0,1,-0.288081,-0.516523
--,iteration93,--
0,1,0.32528,-0.544358
--,iteration94,--
0,1,0.599228,-0.479292
--,iteration95,--
0,1,1.1715,-0.414397
--,iteration96,--
0,1,1.47991,-0.467126
--,iteration97,--
0,1,1.67795,-0.449812
--,iteration98,--
0,1,2.09354,-0.332047
--,iteration99,--
0,1,2.38028,-0.682733
--,iteration100,--
0,1,2.92606,-0.896606
--,iteration101,--
0,1,3.20707,-0.752878
--,iteration102,--
0,1,3.21084,-0.360004
--,iteration103,--
0,1,3.58738,-0.256203
--,iteration104,--
0,1,3.67957,-0.316375
--,iteration105,--
0,1,4.05035,0.0513455
--,iteration106,--
0,1,4.29002,0.118825
--,iteration107,--
0,1,4.30157,0.205475
--,iteration108,--
0,1,4.64607,0.955475
--,iteration109,--
0,1,4.7051,1.16425
--,iteration110,--
0,1,5.05484,1.7111
--,iteration111,--
0,1,5.22693,1.67285
--,iteration112,--
0,1,5.08863,1.54057
--,iteration113,--
0,1,5.34245,1.16364
--,iteration114,--
0,1,5.31841,0.913628
--,iteration115,--
0,1,5.6869,1.05605
--,iteration116,--
0,1,5.72622,1.3677
--,iteration117,--
0,1,6.12298,1.8183
--,iteration118,--
0,1,6.33079,1.38512
--,iteration119,--
0,1,6.22758,1.11258
--,iteration120,--
0,1,6.43768,0.81356
--,iteration121,--
0,1,6.44315,0.694213
--,iteration122,--
0,1,6.26336,0.161576
--,iteration123,--
0,1,6.35726,-0.39693
--,iteration124,--
0,1,6.26777,-0.0501481
--,iteration125,--
0,1,6.27773,-0.173545
--,iteration126,--
0,1,6.06091,-0.125316
--,iteration127,--
0,1,5.45163,-0.715967
--,iteration128,--
0,1,4.87619,-0.839109
--,iteration129,--
0,1,3.97568,-0.605914
--,iteration130,--
0,1,3.08002,-0.993831
--,iteration131,--
0,1,1.92168,-1.41488
--,iteration132,--
0,1,0.455914,-0.861098
--,iteration133,--
0,1,-1.15584,-0.581971
--,iteration134,--
0,1,-3.03177,-0.803981
--,iteration135,--
0,1,-4.98896,-0.874125
--,iteration136,--
0,1,-7.25134,-0.427589
--,iteration137,--
0,1,-9.77242,-0.891067
--,iteration138,--
0,1,-12.2814,-0.583661
--,iteration139,--
0,1,-9.69013,0.16634
--,iteration140,--
0,1,-7.13101,0.302172
--,iteration141,--
0,1,-4.77925,1.05217
--,iteration142,--
0,1,-2.53276,1.31529
--,iteration143,--
0,1,-0.459387,1.56595
--,iteration144,--
0,1,0.806752,2.31595
--,iteration145,--
0,1,2.83512,2.66613
--,iteration146,--
0,1,3.89071,3.41613
--,iteration147,--
0,1,4.87373,3.65672
--,iteration148,--
0,1,5.87936,4.40673
--,iteration149,--
0,1,6.87099,5.15673
--,iteration150,--
0,1,7.84131,5.53963
--,iteration151,--
0,1,8.03778,5.72532
--,iteration152,--
0,1,9.10134,6.13497
--,iteration153,--
0,1,9.21914,6.17582
--,iteration154,--
0,1,9.45139,6.40109
--,iteration155,--
0,1,9.69599,6.05901
--,iteration156,--
0,1,11.084,6.02146
--,iteration157,--
0,1,12.1143,5.65998
--,iteration158,--
0,1,13.3231,5.25527
--,iteration159,--
0,1,14.0406,5.03937
--,iteration160,--
0,1,14.3074,4.77847
--,iteration161,--
0,1,14.9562,5.25306
--,iteration162,--
0,1,15.3186,4.9084
--,iteration163,--
0,1,15.2617,5.24663
--,iteration164,--
0,1,15.5021,5.89193
--,iteration165,--
0,1,15.3374,5.88903
--,iteration166,--
0,1,14.9662,5.59145
--,iteration167,--
0,1,14.7646,5.50637
--,iteration168,--
0,1,14.2982,5.3249
--,iteration169,--
0,1,14.1897,5.31601
--,iteration170,--
0,1,13.8039,5.16819
--,iteration171,--
0,1,13.1964,5.06571
--,iteration172,--
0,1,12.8645,5.50402
--,iteration173,--
0,1,12.1913,5.0034
--,iteration174,--
0,1,11.4714,5.7534
--,iteration175,--
0,1,11.0693,6.12086
--,iteration176,--
0,1,10.4322,6.60301
--,iteration177,--
0,1,9.47459,6.43578
--,iteration178,--
0,1,8.96212,7.18578
--,iteration179,--
0,1,8.29008,7.90373
--,iteration180,--
0,1,7.98439,8.41006
--,iteration181,--
0,1,7.33084,8.54909
--,iteration182,--
0,1,6.86813,8.67272
--,iteration183,--
0,1,6.55384,9.31743
--,iteration184,--
0,1,6.61684,9.92737
--,iteration185,--
0,1,6.43052,10.1851
--,iteration186,--
0,1,6.14679,10.8388
--,iteration187,--
0,1,6.29847,11.5711
--,iteration188,--
0,1,5.94041,11.5519
--,iteration189,--
0,1,6.44104,12.3019
--,iteration190,--
0,1,6.4371,12.5529
--,iteration191,--
0,1,6.29005,12.8477
--,iteration192,--
0,1,6.53684,13.2485
--,iteration193,--
0,1,6.95873,13.5189
--,iteration194,--
0,1,7.14254,13.7668
--,iteration195,--
0,1,7.27818,13.8387
--,iteration196,--
0,1,7.51044,14.2354
--,iteration197,--
0,1,8.0228,14.5547
--,iteration198,--
0,1,8.36946,14.3401
--,iteration199,--
0,1,8.90743,14.0759
--,iteration200,--
0,1,8.45233,13.3563
--,iteration201,--
0,1,8.40992,13.2995
--,iteration202,--
0,1,8.87593,13.1902
--,iteration203,--
0,1,9.41465,12.754
--,iteration204,--
0,1,8.9097,12.1993
--,iteration205,--
0,1,8.93629,12.0439
--,iteration206,--
0,1,8.69341,11.5595
--,iteration207,--
0,1,8.68221,11.3715
--,iteration208,--
0,1,8.59722,11.1755
--,iteration209,--
0,1,8.34249,10.872
--,iteration210,--
0,1,8.47663,10.5687
--,iteration211,--
0,1,8.67465,10.3408
--,iteration212,--
0,1,8.29936,9.85843
--,iteration213,--
0,1,8.49757,9.64151
--,iteration214,--
0,1,8.18734,9.16384
--,iteration215,--
0,1,7.90517,8.63651
--,iteration216,--
0,1,7.41874,8.35223
--,iteration217,--
0,1,7.22801,8.05441
--,iteration218,--
0,1,6.26388,7.76386
--,iteration219,--
0,1,6.13593,7.74907
--,iteration220,--
0,1,5.87341,7.55828
--,iteration221,--
0,1,6.0297,7.50049
--,iteration222,--
0,1,5.42385,7.21347
--,iteration223,--
0,1,5.01691,7.38758
--,iteration224,--
0,1,4.87933,7.29958
--,iteration225,--
0,1,4.98017,7.39406
--,iteration226,--
0,1,4.59576,7.78592
--,iteration227,--
0,1,4.84783,7.97825
--,iteration228,--
0,1,4.9212,8.0535
--,iteration229,--
0,1,4.84116,8.28239
--,iteration230,--
0,1,4.49671,8.30066
--,iteration231,--
0,1,4.15503,8.50453
--,iteration232,--
0,1,4.51571,8.96787
--,iteration233,--
0,1,4.03603,9.32389
--,iteration234,--
0,1,4.51528,9.7014
--,iteration235,--
0,1,4.16497,9.79436
--,iteration236,--
0,1,4.60061,10.0831
--,iteration237,--
0,1,4.46082,10.2533
--,iteration238,--
0,1,4.37193,10.3238
--,iteration239,--
0,1,4.81864,10.76
--,iteration240,--
0,1,4.74522,10.9463
--,iteration241,--
0,1,5.04005,10.949
--,iteration242,--
0,1,4.57754,10.69
--,iteration243,--
0,1,5.47757,10.8996
--,iteration244,--
0,1,5.60355,11.0611
--,iteration245,--
0,1,5.59931,10.8106
--,iteration246,--
0,1,5.68358,10.768
--,iteration247,--
0,1,6.53137,11.0541
--,iteration248,--
0,1,6.18668,10.8321
--,iteration249,--
0,1,6.42005,10.7488
--,iteration250,--
0,1,6.38088,10.6904
--,iteration251,--
0,1,6.91579,10.7109
--,iteration252,--
0,1,6.89751,10.6532
--,iteration253,--
0,1,7.11491,10.5831
--,iteration254,--
0,1,7.19885,10.3235
--,iteration255,--
0,1,6.78104,10.2205
--,iteration256,--
0,1,6.90193,10.3145
--,iteration257,--
0,1,7.46847,10.3881
--,iteration258,--
0,1,7.45126,10.4659
--,iteration259,--
0,1,7.42202,10.4882
--,iteration260,--
0,1,7.84886,10.493
--,iteration261,--
0,1,7.81716,10.4363
--,iteration262,--
0,1,7.56765,10.2865
--,iteration263,--
0,1,7.35281,10.0684
--,iteration264,--
0,1,7.55857,10.0428
--,iteration265,--
0,1,7.41009,9.86472
--,iteration266,--
0,1,8.02466,9.98683
--,iteration267,--
0,1,6.91798,9.74869
--,iteration268,--
0,1,7.46393,9.66874
--,iteration269,--
0,1,7.36024,9.46823
--,iteration270,--
0,1,7.63111,9.58741
--,iteration271,--
0,1,7.40098,9.30407
--,iteration272,--
0,1,7.18534,9.192
--,iteration273,--
0,1,6.61643,9.00155
--,iteration274,--
0,1,6.56522,8.89106
--,iteration275,--
0,1,6.66512,8.95454
--,iteration276,--
0,1,6.45998,8.99483
--,iteration277,--
0,1,6.02512,8.97336
--,iteration278,--
0,1,6.39866,9.08592
--,iteration279,--
0,1,6.27611,9.10068
--,iteration280,--
0,1,6.28266,9.21679
--,iteration281,--
0,1,5.86706,9.24952
--,iteration282,--
0,1,5.73119,9.15508
--,iteration283,--
0,1,5.74923,9.3262
--,iteration284,--
0,1,5.83779,9.62345
--,iteration285,--
0,1,5.69787,10.0363
--,iteration286,--
0,1,4.97088,9.8184
--,iteration287,--
0,1,5.24477,9.84058
--,iteration288,--
0,1,5.56557,9.79792
--,iteration289,--
0,1,5.25777,9.92362
--,iteration290,--
0,1,4.88258,10.0027
--,iteration291,--
0,1,5.2597,9.96338
--,iteration292,--
0,1,5.71713,10.222
--,iteration293,--
0,1,5.75497,10.0847
--,iteration294,--
0,1,5.75595,10.1641
--,iteration295,--
0,1,5.99448,10.0949
--,iteration296,--
0,1,6.15753,10.4209
--,iteration297,--
0,1,6.09813,10.6761
--,iteration298,--
0,1,6.00841,10.7048
--,iteration299,--
0,1,6.46469,10.9046
--,iteration300,--
0,1,6.37673,11.0897
--,iteration301,--
0,1,6.48193,10.7804
--,iteration302,--
0,1,6.20041,10.5488
--,iteration303,--
0,1,6.72944,10.0232
--,iteration304,--
0,1,6.85067,9.7809
--,iteration305,--
0,1,7.05551,9.8715
--,iteration306,--
0,1,6.9413,10.0125
--,iteration307,--
0,1,7.28264,9.5151
--,iteration308,--
0,1,7.15419,9.4779
--,iteration309,--
0,1,6.64036,9.51782
--,iteration310,--
0,1,7.17055,8.94243
--,iteration311,--
0,1,6.8599,9.3689
--,iteration312,--
0,1,6.97555,9.35301
--,iteration313,--
0,1,6.53912,9.72781
--,iteration314,--
0,1,6.62434,9.82322
--,iteration315,--
0,1,6.33327,10.2522
--,iteration316,--
0,1,5.83729,10.4155
--,iteration317,--
0,1,6.2362,10.1119
--,iteration318,--
0,1,5.4622,10.1396
--,iteration319,--
0,1,5.69026,9.38964
--,iteration320,--
0,1,5.8305,9.73341
--,iteration321,--
0,1,5.69966,9.48536
--,iteration322,--
0,1,5.26965,9.4766
--,iteration323,--
0,1,5.43634,9.41291
--,iteration324,--
0,1,5.55186,9.93369
--,iteration325,--
0,1,5.55845,10.1286
--,iteration326,--
0,1,5.88306,10.2132
--,iteration327,--
0,1,5.98552,10.293
--,iteration328,--
0,1,6.03719,9.92332
--,iteration329,--
0,1,6.42852,10.0006
--,iteration330,--
0,1,6.49331,9.92628
--,iteration331,--
0,1,6.35758,10.0332
--,iteration332,--
0,1,6.47462,9.99309
--,iteration333,--
0,1,6.38939,9.87203
--,iteration334,--
0,1,6.22743,9.40202
--,iteration335,--
0,1,6.36995,9.36151
--,iteration336,--
0,1,6.14893,9.54143
--,iteration337,--
0,1,6.24096,9.55539
--,iteration338,--
0,1,6.06365,9.9766
--,iteration339,--
0,1,6.10799,10.4472
--,iteration340,--
0,1,6.08465,10.3043
--,iteration341,--
0,1,5.88314,10.0817
--,iteration342,--
0,1,6.03022,10.0215
--,iteration343,--
0,1,5.97826,9.7616
--,iteration344,--
0,1,6.20174,10.2094
--,iteration345,--
0,1,6.27128,10.2629
--,iteration346,--
0,1,6.0738,9.66495
--,iteration347,--
0,1,6.2749,10.1509
--,iteration348,--
0,1,6.21548,10.0063
--,iteration349,--
0,1,6.40161,10.3785
--,iteration350,--
0,1,6.34817,10.2404
--,iteration351,--
0,1,6.67605,10.7511
--,iteration352,--
0,1,6.68847,11.114
--,iteration353,--
0,1,6.42877,10.9897
--,iteration354,--
0,1,6.61476,10.7448
--,iteration355,--
0,1,6.51922,10.4977
--,iteration356,--
0,1,6.36468,10.6184
--,iteration357,--
0,1,6.56436,10.7095
--,iteration358,--
0,1,6.5291,10.6388
--,iteration359,--
0,1,6.76259,10.5662
--,iteration360,--
0,1,6.80989,9.81622
--,iteration361,--
0,1,6.62158,9.60324
--,iteration362,--
0,1,6.81639,9.99975
--,iteration363,--
0,1,6.77579,10.0184
--,iteration364,--
0,1,6.96844,10.1845
--,iteration365,--
0,1,6.96319,10.1887
--,iteration366,--
0,1,6.59397,9.78419
--,iteration367,--
0,1,6.69062,9.50504
--,iteration368,--
0,1,6.73909,9.83774
--,iteration369,--
0,1,6.91124,9.8665
--,iteration370,--
0,1,6.70825,9.44623
--,iteration371,--
0,1,6.84767,9.59311
--,iteration372,--
0,1,6.76692,9.17202
--,iteration373,--
0,1,6.56929,9.50251
--,iteration374,--
0,1,6.63291,9.33988
--,iteration375,--
0,1,6.5333,9.5519
--,iteration376,--
0,1,6.02833,9.06196
--,iteration377,--
0,1,6.05277,9.19551
--,iteration378,--
0,1,5.85212,9.17283
--,iteration379,--
0,1,5.86587,9.01492
--,iteration380,--
0,1,5.68325,8.94224
--,iteration381,--
0,1,5.52219,9.11479
--,iteration382,--
0,1,5.77457,9.84163
--,iteration383,--
0,1,5.49665,9.21392
--,iteration384,--
0,1,5.09618,9.28602
--,iteration385,--
0,1,5.25828,9.63581
--,iteration386,--
0,1,5.60896,9.58076
--,iteration387,--
0,1,5.60883,9.56009
--,iteration388,--
0,1,5.63684,9.93587
--,iteration389,--
0,1,5.848,9.9804
--,iteration390,--
0,1,5.63251,9.51296
--,iteration391,--
0,1,6.15804,9.96509
--,iteration392,--
0,1,6.21084,9.83346
--,iteration393,--
0,1,5.97471,9.68167
--,iteration394,--
0,1,6.00029,9.81689
--,iteration395,--
0,1,5.9917,9.88501
--,iteration396,--
0,1,5.71194,9.62624
--,iteration397,--
0,1,5.92254,9.83006
--,iteration398,--
0,1,6.48591,10.426
--,iteration399,--
0,1,6.53709,10.3914
--,iteration400,--
0,1,6.28133,10.2978
--,iteration401,--
0,1,5.93955,10.1087
--,iteration402,--
0,1,6.11157,10.1407
--,iteration403,--
0,1,5.98241,9.9365
--,iteration404,--
0,1,6.44391,10.4118
--,iteration405,--
0,1,6.36143,10.2482
--,iteration406,--
0,1,6.20333,10.1515
--,iteration407,--
0,1,6.4122,10.1787
--,iteration408,--
0,1,6.74695,10.1805
--,iteration409,--
0,1,6.6851,9.89094
--,iteration410,--
0,1,7.01155,9.91559
--,iteration411,--
0,1,6.49145,9.69156
--,iteration412,--
0,1,6.39476,9.70951
--,iteration413,--
0,1,6.50124,9.90758
--,iteration414,--
0,1,6.72038,10.1468
--,iteration415,--
0,1,6.71659,10.1003
--,iteration416,--
0,1,6.70672,9.98091
--,iteration417,--
0,1,6.52348,9.88362
--,iteration418,--
0,1,6.76019,9.99048
--,iteration419,--
0,1,6.23978,10.0089
--,iteration420,--
0,1,6.76061,10.5283
--,iteration421,--
0,1,6.68537,10.3493
--,iteration422,--
0,1,6.75289,10.1658
--,iteration423,--
0,1,7.07843,10.0783
--,iteration424,--
0,1,6.85856,9.72491
--,iteration425,--
0,1,7.17252,9.96561
--,iteration426,--
0,1,7.00108,9.70265
--,iteration427,--
0,1,6.90975,9.80617
--,iteration428,--
0,1,6.63259,9.50181
--,iteration429,--
0,1,6.68282,9.6245
--,iteration430,--
0,1,6.07986,9.43749
--,iteration431,--
0,1,6.42531,9.50749
--,iteration432,--
0,1,6.61735,9.52238
--,iteration433,--
0,1,6.66699,9.25927
--,iteration434,--
0,1,6.67968,9.43945
--,iteration435,--
0,1,5.77556,9.16791
--,iteration436,--
0,1,6.38679,9.47119
--,iteration437,--
0,1,6.34115,9.33314
--,iteration438,--
0,1,5.42249,9.47838
--,iteration439,--
0,1,6.04485,9.754
--,iteration440,--
0,1,6.07403,9.76766
--,iteration441,--
0,1,5.96663,9.91696
--,iteration442,--
0,1,5.49384,9.95525
--,iteration443,--
0,1,5.64524,10.0574
--,iteration444,--
0,1,5.8755,9.94577
--,iteration445,--
0,1,5.65337,10.0557
--,iteration446,--
0,1,5.53666,10.2423
--,iteration447,--
0,1,6.2092,10.6109
--,iteration448,--
0,1,5.51966,10.5633
--,iteration449,--
0,1,6.04326,10.7365
--,iteration450,--
0,1,6.14144,10.5799
--,iteration451,--
0,1,6.60858,10.6231
--,iteration452,--
0,1,6.02197,10.3647
--,iteration453,--
0,1,6.4809,10.3928
--,iteration454,--
0,1,6.71468,10.3497
--,iteration455,--
0,1,6.7861,10.0397
--,iteration456,--
0,1,7.19326,10.2039
--,iteration457,--
0,1,6.44031,10.0052
--,iteration458,--
0,1,7.15717,10.393
--,iteration459,--
0,1,6.5363,10.2902
--,iteration460,--
0,1,6.94172,10.3892
--,iteration461,--
0,1,6.89455,10.1553
--,iteration462,--
0,1,7.37944,10.1136
--,iteration463,--
0,1,7.74517,10.2244
--,iteration464,--
0,1,6.60871,9.99605
--,iteration465,--
0,1,6.72869,9.80729
--,iteration466,--
0,1,6.69464,9.88344
--,iteration467,--
0,1,7.10191,9.79509
--,iteration468,--
0,1,7.21057,9.77909
--,iteration469,--
0,1,6.32562,9.74834
--,iteration470,--
0,1,6.50899,9.873
--,iteration471,--
0,1,6.30855,9.80217
--,iteration472,--
0,1,5.85147,9.60221
--,iteration473,--
0,1,6.19966,9.57867
--,iteration474,--
0,1,5.83616,9.56938
--,iteration475,--
0,1,6.5652,9.66065
--,iteration476,--
0,1,5.9591,9.7284
--,iteration477,--
0,1,6.45506,9.65714
--,iteration478,--
0,1,5.79492,9.50161
--,iteration479,--
0,1,5.98515,9.39742
--,iteration480,--
0,1,6.32855,9.55427
--,iteration481,--
0,1,6.73239,9.67449
--,iteration482,--
0,1,6.54975,9.86023
--,iteration483,--
0,1,6.58827,10.1444
--,iteration484,--
0,1,5.75971,10.0801
--,iteration485,--
0,1,6.68236,10.2178
--,iteration486,--
0,1,6.01021,10.2009
--,iteration487,--
0,1,6.01645,10.3498
--,iteration488,--
0,1,6.0061,10.2648
--,iteration489,--
0,1,5.87328,10.104
--,iteration490,--
0,1,5.64547,9.9664
--,iteration491,--
0,1,6.29799,9.92175
--,iteration492,--
0,1,6.35756,9.9161
--,iteration493,--
0,1,5.72626,9.73308
--,iteration494,--
0,1,5.88148,9.50314
--,iteration495,--
0,1,5.93847,9.12805
--,iteration496,--
0,1,5.77394,9.04357
--,iteration497,--
0,1,6.54936,9.07274
--,iteration498,--
0,1,6.54697,9.2101
--,iteration499,--
0,1,6.55246,9.52104
--,iteration500,--
0,1,6.40357,9.76206
--,iteration501,--
0,1,6.06673,9.95246
--,iteration502,--
0,1,6.39254,9.98836
--,iteration503,--
0,1,6.08172,10.2845
--,iteration504,--
0,1,5.96704,10.0279
--,iteration505,--
0,1,6.09053,10.1751
--,iteration506,--
0,1,6.44083,10.3901
--,iteration507,--
0,1,6.40014,10.4478
--,iteration508,--
0,1,6.27823,10.5175
--,iteration509,--
0,1,6.71231,10.1791
--,iteration510,--
0,1,6.15409,10.0311
--,iteration511,--
0,1,6.70399,9.77045
--,iteration512,--
0,1,6.48301,10.0808
--,iteration513,--
0,1,6.23312,10.1627
--,iteration514,--
0,1,6.05559,10.0726
--,iteration515,--
0,1,5.98714,10.1121
--,iteration516,--
0,1,5.70873,10.3329
--,iteration517,--
0,1,5.9718,10.2554
--,iteration518,--
0,1,5.16915,10.3557
--,iteration519,--
0,1,5.2054,10.0325
--,iteration520,--
0,1,4.95396,9.85375
--,iteration521,--
0,1,5.0574,9.98452
--,iteration522,--
0,1,5.69875,9.72938
--,iteration523,--
0,1,5.58139,9.89363
--,iteration524,--
0,1,5.43305,9.87641
--,iteration525,--
0,1,5.27068,9.73893
--,iteration526,--
0,1,4.95033,9.39723
--,iteration527,--
0,1,5.23918,8.78353
--,iteration528,--
0,1,4.80174,9.16226
--,iteration529,--
0,1,5.00859,8.89155
--,iteration530,--
0,1,4.72806,9.06216
--,iteration531,--
0,1,4.95909,9.08424
--,iteration532,--
0,1,4.68591,9.68076
--,iteration533,--
0,1,4.90061,9.82612
--,iteration534,--
0,1,4.67247,10.1833
--,iteration535,--
0,1,4.57767,10.4311
--,iteration536,--
0,1,4.47231,10.6166
--,iteration537,--
0,1,4.37361,10.4663
--,iteration538,--
0,1,4.65882,9.72398
--,iteration539,--
0,1,4.73027,9.58992
--,iteration540,--
0,1,4.24175,10.033
--,iteration541,--
0,1,4.57644,10.0798
--,iteration542,--
0,1,4.12383,10.4423
--,iteration543,--
0,1,4.346,10.7112
--,iteration544,--
0,1,4.02874,10.9708
--,iteration545,--
0,1,3.91761,10.539
--,iteration546,--
0,1,8.48261,11.289
--,iteration547,--
0,1,13.0476,10.539
--,iteration548,--
0,1,17.6126,9.78898
--,iteration549,--
0,1,22.1776,9.03898
--,iteration550,--
0,1,26.7426,8.28898
--,iteration551,--
0,1,31.3076,7.53898
--,iteration552,--
0,1,35.8726,6.78898
--,iteration553,--
0,1,40.4376,6.03898
--,iteration554,--
0,1,44.0126,6.11334
--,iteration555,--
0,1,46.0658,5.98701
--,iteration556,--
0,1,46.6017,6.73701
--,iteration557,--
0,1,46.2258,6.88649
--,iteration558,--
0,1,44.7683,7.63649
--,iteration559,--
0,1,43.1213,8.38649
--,iteration560,--
0,1,41.2207,8.76535
--,iteration561,--
0,1,41.1285,9.51535
--,iteration562,--
0,1,40.6249,9.83068
--,iteration563,--
0,1,40.4492,10.4179
--,iteration564,--
0,1,39.8362,10.861
--,iteration565,--
0,1,39.6414,10.5647
--,iteration566,--
0,1,39.501,11.3147
--,iteration567,--
0,1,38.7402,10.5899
--,iteration568,--
0,1,38.1051,10.6711
--,iteration569,--
0,1,37.6123,10.0351
--,iteration570,--
0,1,36.665,9.28509
--,iteration571,--
0,1,35.8921,8.66467
--,iteration572,--
0,1,34.9711,8.52206
--,iteration573,--
0,1,33.7868,7.77206
--,iteration574,--
0,1,32.453,7.55652
--,iteration575,--
0,1,31.0787,7.0206
--,iteration576,--
0,1,29.4665,6.54652
--,iteration577,--
0,1,28.0187,6.17905
--,iteration578,--
0,1,26.871,6.92905
--,iteration579,--
0,1,25.3063,7.13915
--,iteration580,--
0,1,23.8208,7.41433
--,iteration581,--
0,1,21.5883,7.96947
--,iteration582,--
0,1,18.8582,8.04244
--,iteration583,--
0,1,15.9825,8.79244
--,iteration584,--
0,1,12.7261,8.8067
--,iteration585,--
0,1,10.9494,9.5567
--,iteration586,--
0,1,8.95727,9.86883
--,iteration587,--
0,1,7.48055,10.1598
--,iteration588,--
0,1,6.51356,10.6534
--,iteration589,--
0,1,5.76241,10.8342
--,iteration590,--
0,1,5.87618,11.1221
--,iteration591,--
0,1,5.7956,10.9983
--,iteration592,--
0,1,7.19588,11.4622
--,iteration593,--
0,1,7.96625,11.5895
--,iteration594,--
0,1,8.95983,11.7718
--,iteration595,--
0,1,10.3022,11.6245
--,iteration596,--
0,1,10.9715,11.6882
--,iteration597,--
0,1,12.0826,11.1876
--,iteration598,--
0,1,13.3671,11.9376
--,iteration599,--
0,1,14.1567,12.6876
--,iteration600,--
0,1,14.8142,12.2833
--,iteration601,--
0,1,15.5899,12.9221
--,iteration602,--
0,1,15.7511,12.6451
--,iteration603,--
0,1,16.2273,12.6679
--,iteration604,--
0,1,15.9394,12.7051
--,iteration605,--
0,1,16.8627,13.0779
--,iteration606,--
0,1,16.6302,12.4111
--,iteration607,--
0,1,16.8538,12.5823
--,iteration608,--
0,1,17.479,12.1532
--,iteration609,--
0,1,17.2546,12.0154
--,iteration610,--
0,1,18.3003,12.3285
--,iteration611,--
0,1,17.9895,11.6627
--,iteration612,--
0,1,17.8989,11.0735
--,iteration613,--
0,1,17.9526,10.3235
--,iteration614,--
0,1,18.0751,9.91051
--,iteration615,--
0,1,17.6977,9.16051
--,iteration616,--
0,1,17.7688,8.59404
--,iteration617,--
0,1,17.7977,8.38709
--,iteration618,--
0,1,16.9183,7.72892
--,iteration619,--
0,1,16.9911,8.18205
--,iteration620,--
0,1,15.8195,7.61476
--,iteration621,--
0,1,16.15,8.05873
--,iteration622,--
0,1,15.1069,7.53228
--,iteration623,--
0,1,14.6365,7.44727
--,iteration624,--
0,1,14.2526,7.34753
--,iteration625,--
0,1,13.1391,7.32063
--,iteration626,--
0,1,13.8595,7.40331
--,iteration627,--
0,1,12.8615,7.5421
--,iteration628,--
0,1,11.5861,7.33084
--,iteration629,--
0,1,11.3809,7.48265
--,iteration630,--
0,1,10.7943,7.59416
--,iteration631,--
0,1,10.4453,7.89445
--,iteration632,--
0,1,10.1227,7.92674
--,iteration633,--
0,1,9.5296,8.13734
--,iteration634,--
0,1,8.32136,7.84488
--,iteration635,--
0,1,8.51783,8.10193
--,iteration636,--
0,1,8.25801,8.43226
--,iteration637,--
0,1,7.52986,8.6598
--,iteration638,--
0,1,8.09718,8.84583
--,iteration639,--
0,1,7.50058,8.73479
--,iteration640,--
0,1,6.96569,8.66332
--,iteration641,--
0,1,7.23306,8.90878
--,iteration642,--
0,1,7.16355,9.16499
--,iteration643,--
0,1,6.6559,9.14357
--,iteration644,--
0,1,6.81494,9.03887
--,iteration645,--
0,1,6.96161,9.09021
--,iteration646,--
0,1,6.50972,8.83088
--,iteration647,--
0,1,6.6353,8.54808
--,iteration648,--
0,1,6.33613,8.241
--,iteration649,--
0,1,6.68017,8.65813
--,iteration650,--
0,1,6.7653,8.95015
--,iteration651,--
0,1,6.55508,9.07804
--,iteration652,--
0,1,6.68663,8.66246
--,iteration653,--
0,1,6.64808,9.02637
--,iteration654,--
0,1,6.70213,9.23144
--,iteration655,--
0,1,6.81086,9.32682
--,iteration656,--
0,1,7.05157,9.74821
--,iteration657,--
0,1,6.63938,9.93817
--,iteration658,--
0,1,7.0546,10.442
--,iteration659,--
0,1,6.65784,9.92954
--,iteration660,--
0,1,7.50143,9.71878
--,iteration661,--
0,1,7.4668,10.1013
--,iteration662,--
0,1,8.10945,10.7861
--,iteration663,--
0,1,8.02127,10.5444
--,iteration664,--
0,1,8.23425,10.8368
--,iteration665,--
0,1,8.31169,10.5464
--,iteration666,--
0,1,9.01497,11.0846
--,iteration667,--
0,1,8.94589,11.3463
--,iteration668,--
0,1,9.16963,11.2559
--,iteration669,--
0,1,9.31001,11.3041
--,iteration670,--
0,1,9.49133,10.9466
--,iteration671,--
0,1,10.2753,10.9906
--,iteration672,--
0,1,10.4481,10.898
--,iteration673,--
0,1,11.5943,11.1162
--,iteration674,--
0,1,11.2218,10.8714
--,iteration675,--
0,1,11.5925,10.2492
--,iteration676,--
0,1,12.5018,10.1236
--,iteration677,--
0,1,12.6945,9.90235
--,iteration678,--
0,1,13.1089,9.59199
--,iteration679,--
0,1,13.3894,9.51727
--,iteration680,--
0,1,13.5038,10.1731
--,iteration681,--
0,1,13.6746,10.1927
--,iteration682,--
0,1,13.507,9.46025
--,iteration683,--
0,1,13.3409,9.22507
--,iteration684,--
0,1,13.2156,9.04882
--,iteration685,--
0,1,12.8765,8.36072
--,iteration686,--
0,1,13.0426,7.61072
--,iteration687,--
0,1,12.8815,7.67823
--,iteration688,--
0,1,12.5749,8.23593
--,iteration689,--
0,1,12.4842,8.0163
--,iteration690,--
0,1,12.4775,8.14155
--,iteration691,--
0,1,12.3948,8.16881
--,iteration692,--
0,1,11.9493,7.81383
--,iteration693,--
0,1,11.4803,7.83174
--,iteration694,--
0,1,11.2265,7.52775
--,iteration695,--
0,1,10.2911,7.44456
--,iteration696,--
0,1,9.73777,6.99277
--,iteration697,--
0,1,9.33899,6.96868
--,iteration698,--
0,1,8.96352,7.28604
--,iteration699,--
0,1,8.67702,7.67221
--,iteration700,--
0,1,8.76162,7.0124
--,iteration701,--
0,1,8.57097,7.7624
--,iteration702,--
0,1,7.93001,8.20543
--,iteration703,--
0,1,7.34565,8.05582
--,iteration704,--
0,1,6.98988,8.12467
--,iteration705,--
0,1,6.83598,8.26252
--,iteration706,--
0,1,6.66112,8.72932
--,iteration707,--
0,1,6.77606,8.70356
--,iteration708,--
0,1,6.69957,8.47165
--,iteration709,--
0,1,6.52532,8.98322
--,iteration710,--
0,1,6.21814,9.73322
--,iteration711,--
0,1,6.38736,9.05822
--,iteration712,--
0,1,6.67511,9.13201
--,iteration713,--
0,1,6.45938,9.79663
--,iteration714,--
0,1,6.60808,9.3739
--,iteration715,--
0,1,6.85051,9.921
--,iteration716,--
0,1,6.88823,10.671
--,iteration717,--
0,1,7.18614,10.3728
--,iteration718,--
0,1,7.07489,10.4197
--,iteration719,--
0,1,7.23758,10.2434
--,iteration720,--
0,1,7.3616,10.9934
--,iteration721,--
0,1,7.83,10.5174
--,iteration722,--
0,1,8.41438,10.7288
--,iteration723,--
0,1,8.30022,10.0416
--,iteration724,--
0,1,8.58787,10.5192
--,iteration725,--
0,1,9.02687,11.2692
--,iteration726,--
0,1,9.46924,11.2626
--,iteration727,--
0,1,10.0647,11.3433
--,iteration728,--
0,1,10.0407,10.9426
--,iteration729,--
0,1,10.6382,11.0829
--,iteration730,--
0,1,11.2491,11.8329
--,iteration731,--
0,1,11.7791,11.4728
--,iteration732,--
0,1,11.7028,10.8697
--,iteration733,--
0,1,12.0639,11.1117
--,iteration734,--
0,1,12.2904,10.9315
--,iteration735,--
0,1,12.659,10.1815
--,iteration736,--
0,1,13.1015,10.321
--,iteration737,--
0,1,12.9932,9.57103
--,iteration738,--
0,1,13.0165,8.94948
--,iteration739,--
0,1,13.3679,8.7088
--,iteration740,--
0,1,13.6867,8.7572
--,iteration741,--
0,1,13.4957,8.11953
--,iteration742,--
0,1,13.4641,7.8146
--,iteration743,--
0,1,13.3308,7.75282
--,iteration744,--
0,1,12.9113,7.61916
--,iteration745,--
0,1,12.5914,7.58816
--,iteration746,--
0,1,12.6515,8.13784
--,iteration747,--
0,1,11.8659,7.65692
--,iteration748,--
0,1,11.5149,7.11738
--,iteration749,--
0,1,11.4222,7.27651
--,iteration750,--
0,1,11.1326,7.42746
--,iteration751,--
0,1,11.0113,7.60396
--,iteration752,--
0,1,10.6815,7.29196
--,iteration753,--
0,1,9.93581,7.16761
--,iteration754,--
0,1,9.68879,7.57204
--,iteration755,--
0,1,9.45124,7.6492
--,iteration756,--
0,1,9.3421,7.55314
--,iteration757,--
0,1,8.98064,7.52409
--,iteration758,--
0,1,8.23776,7.3344
--,iteration759,--
0,1,7.81708,7.69169
--,iteration760,--
0,1,7.27261,8.21165
--,iteration761,--
0,1,6.63088,8.37174
--,iteration762,--
0,1,6.90426,8.9106
--,iteration763,--
0,1,6.851,8.76073
--,iteration764,--
0,1,6.07491,8.163
--,iteration765,--
0,1,5.6018,8.63256
--,iteration766,--
0,1,5.86455,9.23773
--,iteration767,--
0,1,5.1184,9.39438
--,iteration768,--
0,1,5.28373,9.85156
--,iteration769,--
0,1,4.76833,10.0635
--,iteration770,--
0,1,4.84422,9.89427
--,iteration771,--
0,1,4.54423,9.99304
--,iteration772,--
0,1,5.49179,10.743
--,iteration773,--
0,1,6.04947,11.0517
--,iteration774,--
0,1,5.77152,10.7816
--,iteration775,--
0,1,6.22491,10.8394
--,iteration776,--
0,1,6.42085,10.482
--,iteration777,--
0,1,7.1451,10.7603
--,iteration778,--
0,1,8.11755,11.2179
--,iteration779,--
0,1,8.10342,10.8894
--,iteration780,--
0,1,8.56621,11.1463
--,iteration781,--
0,1,8.78452,10.4623
--,iteration782,--
0,1,9.72221,11.0824
--,iteration783,--
0,1,10.122,11.1987
--,iteration784,--
0,1,10.3873,11.3293
--,iteration785,--
0,1,10.9774,10.8517
--,iteration786,--
0,1,11.6587,10.9151
--,iteration787,--
0,1,12.064,10.292
--,iteration788,--
0,1,12.1031,9.81821
--,iteration789,--
0,1,12.458,9.26594
--,iteration790,--
0,1,13.0113,9.68575
--,iteration791,--
0,1,13.6103,9.19448
--,iteration792,--
0,1,13.152,9.17205
--,iteration793,--
0,1,13.3798,8.69198
--,iteration794,--
0,1,13.0766,8.21274
--,iteration795,--
0,1,13.6131,8.35684
--,iteration796,--
0,1,13.6507,8.32159
--,iteration797,--
0,1,13.0572,7.92845
--,iteration798,--
0,1,13.0711,7.97647
--,iteration799,--
0,1,12.9828,7.54696
--,iteration800,--
0,1,12.725,7.81512
--,iteration801,--
0,1,12.5319,7.92638
--,iteration802,--
0,1,11.9841,7.76455
--,iteration803,--
0,1,11.3903,7.67279
--,iteration804,--
0,1,10.6325,7.80983
--,iteration805,--
0,1,10.5164,8.3456
--,iteration806,--
0,1,9.90666,8.75123
--,iteration807,--
0,1,8.7568,9.01973
--,iteration808,--
0,1,8.39221,9.29403
--,iteration809,--
0,1,7.75961,9.03549
--,iteration810,--
0,1,8.40676,9.01894
--,iteration811,--
0,1,8.15001,8.98083
--,iteration812,--
0,1,8.14042,9.50641
--,iteration813,--
0,1,8.08594,9.01105
--,iteration814,--
0,1,8.50117,8.97066
--,iteration815,--
0,1,8.01152,9.12976
--,iteration816,--
0,1,8.33772,9.63727
--,iteration817,--
0,1,8.05346,9.51297
--,iteration818,--
0,1,8.54639,9.74571
--,iteration819,--
0,1,7.65012,9.73352
--,iteration820,--
0,1,8.5676,10.1307
--,iteration821,--
0,1,7.96103,9.61247
--,iteration822,--
0,1,8.49557,9.65386
--,iteration823,--
0,1,8.82158,9.97998
--,iteration824,--
0,1,8.74401,9.65974
--,iteration825,--
0,1,8.53089,9.54296
--,iteration826,--
0,1,8.84231,9.51718
--,iteration827,--
0,1,9.27302,9.45095
--,iteration828,--
0,1,9.18082,9.50343
--,iteration829,--
0,1,8.59481,9.58402
--,iteration830,--
0,1,9.17326,9.04753
--,iteration831,--
0,1,8.954,8.85468
--,iteration832,--
0,1,9.76347,8.76004
--,iteration833,--
0,1,9.50334,8.92337
--,iteration834,--
0,1,9.97987,8.17337
--,iteration835,--
0,1,9.88389,8.70944
--,iteration836,--
0,1,9.64988,9.12118
--,iteration837,--
0,1,9.77503,8.93615
--,iteration838,--
0,1,9.30016,9.01683
--,iteration839,--
0,1,9.15167,8.91574
--,iteration840,--
0,1,8.91315,8.42804
--,iteration841,--
0,1,8.82091,8.05772
--,iteration842,--
0,1,9.19452,8.1477
--,iteration843,--
0,1,8.88106,8.74652
--,iteration844,--
0,1,8.85579,8.43051
--,iteration845,--
0,1,8.78549,8.5999
--,iteration846,--
0,1,8.82833,8.78965
--,iteration847,--
0,1,8.24568,8.9997
--,iteration848,--
0,1,7.91358,9.06444
--,iteration849,--
0,1,7.76436,9.09111
--,iteration850,--
0,1,7.54516,9.23766
--,iteration851,--
0,1,7.49976,9.58837
--,iteration852,--
0,1,7.52605,9.88747
--,iteration853,--
0,1,7.62764,10.1213
--,iteration854,--
0,1,7.38962,9.97275
--,iteration855,--
0,1,7.44118,9.77152
--,iteration856,--
0,1,7.51043,9.89932
--,iteration857,--
0,1,7.53168,10.3172
--,iteration858,--
0,1,7.29625,9.76392
--,iteration859,--
0,1,7.34643,9.60518
--,iteration860,--
0,1,7.1965,9.76581
--,iteration861,--
0,1,7.06384,9.79382
--,iteration862,--
0,1,7.27221,9.6924
--,iteration863,--
0,1,6.96258,9.27767
--,iteration864,--
0,1,6.99938,9.5385
--,iteration865,--
0,1,6.72792,9.88036
--,iteration866,--
0,1,6.35204,9.67661
--,iteration867,--
0,1,1.78704,9.97516
--,iteration868,--
0,1,-2.77796,9.67921
--,iteration869,--
0,1,-7.34296,8.92921
--,iteration870,--
0,1,-11.908,9.67921
--,iteration871,--
0,1,-16.473,8.92921
--,iteration872,--
0,1,-21.038,8.69731
--,iteration873,--
0,1,-25.603,7.94731
--,iteration874,--
0,1,-30.168,7.3315
--,iteration875,--
0,1,-34.3831,6.5815
--,iteration876,--
0,1,-37.1286,5.8315
--,iteration877,--
0,1,-39.3415,5.0815
--,iteration878,--
0,1,-38.8136,4.465
--,iteration879,--
0,1,-38.2435,3.715
--,iteration880,--
0,1,-37.8148,2.965
--,iteration881,--
0,1,-36.9655,2.215
--,iteration882,--
0,1,-35.7983,1.465
--,iteration883,--
0,1,-34.7123,0.715
--,iteration884,--
0,1,-33.1762,-0.0350003
--,iteration885,--
0,1,-31.2751,-0.785001
--,iteration886,--
0,1,-29.6871,-1.535
--,iteration887,--
0,1,-27.9,-2.285
--,iteration888,--
0,1,-26.2033,-3.035
--,iteration889,--
0,1,-24.1415,-3.785
--,iteration890,--
0,1,-22.3604,-4.535
--,iteration891,--
0,1,-20.0873,-5.285
--,iteration892,--
0,1,-18.3489,-6.035
--,iteration893,--
0,1,-16.1583,-6.785
--,iteration894,--
0,1,-14.2548,-7.535
--,iteration895,--
0,1,-12.6839,-8.285
--,iteration896,--
0,1,-10.5712,-9.035
--,iteration897,--
0,1,-8.8266,-9.785
--,iteration898,--
0,1,-7.00592,-10.535
--,iteration899,--
0,1,-5.40232,-11.285
--,iteration900,--
0,1,-3.7507,-12.035
--,iteration901,--
0,1,-2.37178,-12.785
--,iteration902,--
0,1,-0.976639,-13.535
--,iteration903,--
0,1,0.21818,-14.285
--,iteration904,--
0,1,1.51125,-15.035
--,iteration905,--
0,1,2.58923,-15.785
--,iteration906,--
0,1,3.31584,-16.535
--,iteration907,--
0,1,4.3243,-17.285
--,iteration908,--
0,1,5.31116,-18.035
--,iteration909,--
0,1,6.07014,-18.785
--,iteration910,--
0,1,6.75303,-19.535
--,iteration911,--
0,1,7.23239,-20.285
--,iteration912,--
0,1,8.128,-21.035
--,iteration913,--
0,1,9.20617,-21.785
--,iteration914,--
0,1,9.34884,-22.535
--,iteration915,--
0,1,9.60667,-23.285
--,iteration916,--
0,1,10.7012,-24.035
--,iteration917,--
0,1,11.4869,-24.785
--,iteration918,--
0,1,12.2881,-25.1688
--,iteration919,--
0,1,12.9599,-24.4188
--,iteration920,--
0,1,13.9027,-23.9022
--,iteration921,--
0,1,14.4769,-23.1522
--,iteration922,--
0,1,15.6479,-23.1365
--,iteration923,--
0,1,16.7909,-22.3865
--,iteration924,--
0,1,17.4152,-21.6365
--,iteration925,--
0,1,17.4738,-20.8865
--,iteration926,--
0,1,18.5321,-20.1365
--,iteration927,--
0,1,18.9918,-19.3865
--,iteration928,--
0,1,18.736,-18.6365
--,iteration929,--
0,1,18.9966,-17.8865
--,iteration930,--
0,1,18.0243,-17.1365
--,iteration931,--
0,1,17.9548,-16.3865
--,iteration932,--
0,1,17.0635,-15.6365
--,iteration933,--
0,1,16.7747,-14.8865
--,iteration934,--
0,1,16.1817,-14.1365
--,iteration935,--
0,1,15.2881,-13.3865
--,iteration936,--
0,1,14.6738,-12.6365
--,iteration937,--
0,1,13.1148,-11.8865
--,iteration938,--
0,1,12.4261,-11.1365
--,iteration939,--
0,1,11.1626,-10.3865
--,iteration940,--
0,1,10.7406,-9.63648
--,iteration941,--
0,1,9.33724,-8.88648
--,iteration942,--
0,1,8.49744,-8.13648
--,iteration943,--
0,1,8.20436,-7.38648
--,iteration944,--
0,1,7.15909,-6.63648
--,iteration945,--
0,1,6.52171,-5.88648
--,iteration946,--
0,1,5.71476,-5.13648
--,iteration947,--
0,1,4.65601,-4.38648
--,iteration948,--
0,1,4.19187,-3.63648
--,iteration949,--
0,1,3.40264,-2.88648
--,iteration950,--
0,1,2.62051,-2.13648
--,iteration951,--
0,1,2.26764,-1.38647
--,iteration952,--
0,1,2.08983,-0.636475
--,iteration953,--
0,1,1.32797,0.113526
--,iteration954,--
0,1,1.27233,0.863526
--,iteration955,--
0,1,1.26094,1.61353
--,iteration956,--
0,1,0.859165,2.36353
--,iteration957,--
0,1,1.13295,3.11353
--,iteration958,--
0,1,0.886633,3.86353
--,iteration959,--
0,1,0.585224,4.61353
--,iteration960,--
0,1,0.851829,4.88454
--,iteration961,--
0,1,1.23567,4.76595
--,iteration962,--
0,1,1.25696,4.58354
--,iteration963,--
0,1,1.09912,3.83354
--,iteration964,--
0,1,2.07011,3.08354
--,iteration965,--
0,1,1.6285,2.33354
--,iteration966,--
0,1,1.9436,1.58354
--,iteration967,--
0,1,2.35912,0.833543
--,iteration968,--
0,1,2.64748,0.083543
--,iteration969,--
0,1,2.94075,-0.666457
--,iteration970,--
0,1,2.69862,-1.41646
--,iteration971,--
0,1,3.19884,-2.16646
--,iteration972,--
0,1,3.66681,-2.91646
--,iteration973,--
0,1,3.60213,-3.66646
--,iteration974,--
0,1,4.26486,-4.41646
--,iteration975,--
0,1,4.06132,-5.16646
--,iteration976,--
0,1,4.0496,-5.91646
--,iteration977,--
0,1,4.26857,-6.66646
--,iteration978,--
0,1,4.47869,-7.41646
--,iteration979,--
0,1,4.28482,-8.16646
--,iteration980,--
0,1,4.34362,-8.91646
--,iteration981,--
0,1,4.2727,-9.66646
--,iteration982,--
0,1,4.61355,-10.4165
--,iteration983,--
0,1,4.11871,-11.1665
--,iteration984,--
0,1,4.28659,-11.9165
--,iteration985,--
0,1,4.2917,-12.6665
--,iteration986,--
0,1,4.21733,-13.4165
--,iteration987,--
0,1,4.37925,-14.1665
--,iteration988,--
0,1,4.29849,-14.9165
--,iteration989,--
0,1,4.08311,-15.6665
--,iteration990,--
0,1,4.44806,-16.4165
--,iteration991,--
0,1,4.63946,-17.1665
--,iteration992,--
0,1,4.89966,-17.9165
--,iteration993,--
0,1,5.74126,-18.6665
--,iteration994,--
0,1,6.41817,-19.4165
--,iteration995,--
0,1,6.29506,-20.1665
--,iteration996,--
0,1,6.45659,-20.9165
--,iteration997,--
0,1,7.12288,-21.6665
--,iteration998,--
0,1,7.46697,-22.4165
--,iteration999,--
0,1,8.00095,-22.5253
--,iteration1000,--
0,1,8.79708,-22.5582
--,iteration1001,--
0,1,8.66147,-22.7332
--,iteration1002,--
0,1,9.83921,-21.9832
--,iteration1003,--
0,1,11.1388,-21.3851
--,iteration1004,--
0,1,12.2576,-20.6351
--,iteration1005,--
0,1,13.0086,-20.2835
--,iteration1006,--
0,1,13.6936,-19.5335
--,iteration1007,--
0,1,14.7696,-18.7835
--,iteration1008,--
0,1,15.4721,-18.0335
--,iteration1009,--
0,1,16.1893,-17.5665
--,iteration1010,--
0,1,16.2927,-16.8692
--,iteration1011,--
0,1,15.5933,-16.1192
--,iteration1012,--
0,1,15.7831,-15.3692
--,iteration1013,--
0,1,16.022,-14.6192
--,iteration1014,--
0,1,15.4439,-13.8692
--,iteration1015,--
0,1,15.5148,-13.1192
--,iteration1016,--
0,1,14.5285,-12.3692
--,iteration1017,--
0,1,14.5729,-11.6192
--,iteration1018,--
0,1,13.4445,-10.8692
--,iteration1019,--
0,1,13.1428,-10.1192
--,iteration1020,--
0,1,11.6782,-9.36923
--,iteration1021,--
0,1,11.6828,-8.61923
--,iteration1022,--
0,1,10.9787,-7.86923
--,iteration1023,--
0,1,10.0521,-7.11923
--,iteration1024,--
0,1,9.21479,-6.36923
--,iteration1025,--
0,1,8.60691,-5.61923
--,iteration1026,--
0,1,7.07719,-4.86923
--,iteration1027,--
0,1,6.47584,-4.11923
--,iteration1028,--
0,1,6.63037,-3.36923
--,iteration1029,--
0,1,5.9818,-2.66464
--,iteration1030,--
0,1,5.79479,-1.99244
--,iteration1031,--
0,1,4.66841,-1.78534
--,iteration1032,--
0,1,4.23198,-1.42743
--,iteration1033,--
0,1,3.5934,-0.891609
--,iteration1034,--
0,1,3.24637,-0.628014
--,iteration1035,--
0,1,2.73941,-0.869896
--,iteration1036,--
0,1,2.8247,-0.82443
--,iteration1037,--
0,1,2.24641,-1.34139
--,iteration1038,--
0,1,2.11932,-1.80072
--,iteration1039,--
0,1,1.69624,-2.47094
--,iteration1040,--
0,1,1.17045,-2.97904
--,iteration1041,--
0,1,1.1885,-3.61705
--,iteration1042,--
0,1,0.869253,-4.29484
--,iteration1043,--
0,1,1.1207,-4.69995
--,iteration1044,--
0,1,1.43032,-5.44995
--,iteration1045,--
0,1,1.37354,-6.19995
--,iteration1046,--
0,1,1.90591,-6.94995
--,iteration1047,--
0,1,1.8442,-7.69995
--,iteration1048,--
0,1,1.85137,-8.42336
--,iteration1049,--
0,1,1.73743,-9.13868
--,iteration1050,--
0,1,2.05424,-9.60028
--,iteration1051,--
0,1,2.61229,-10.2922
--,iteration1052,--
0,1,2.85724,-11.0422
--,iteration1053,--
0,1,3.04452,-11.3159
--,iteration1054,--
0,1,3.46176,-12.0659
--,iteration1055,--
0,1,3.78786,-12.4572
--,iteration1056,--
0,1,4.17304,-13.2072
--,iteration1057,--
0,1,4.62377,-13.4942
--,iteration1058,--
0,1,4.74366,-14.0104
--,iteration1059,--
0,1,5.20534,-14.7545
--,iteration1060,--
0,1,5.67839,-14.6494
--,iteration1061,--
0,1,5.87186,-14.9243
--,iteration1062,--
0,1,6.50156,-14.9712
--,iteration1063,--
0,1,6.96816,-14.7936
--,iteration1064,--
0,1,7.84515,-14.7239
--,iteration1065,--
0,1,8.36869,-14.6741
--,iteration1066,--
0,1,8.54062,-15.0193
--,iteration1067,--
0,1,9.12102,-14.7135
--,iteration1068,--
0,1,9.41613,-14.7038
--,iteration1069,--
0,1,9.56112,-13.9538
--,iteration1070,--
0,1,9.49228,-13.2038
--,iteration1071,--
0,1,9.87587,-12.4538
--,iteration1072,--
0,1,9.87611,-12.4209
--,iteration1073,--
0,1,10.1555,-12.1918
--,iteration1074,--
0,1,10.0931,-11.8098
--,iteration1075,--
0,1,9.82915,-11.0598
--,iteration1076,--
0,1,9.82681,-10.3292
--,iteration1077,--
0,1,9.62001,-9.57923
--,iteration1078,--
0,1,9.68387,-9.63201
--,iteration1079,--
0,1,9.49875,-9.04011
--,iteration1080,--
0,1,9.01931,-9.09796
--,iteration1081,--
0,1,8.93379,-8.34796
--,iteration1082,--
0,1,8.54912,-7.59796
--,iteration1083,--
0,1,8.54498,-7.67072
--,iteration1084,--
0,1,8.22375,-7.67364
--,iteration1085,--
0,1,7.67078,-6.92364
--,iteration1086,--
0,1,7.39572,-6.81443
--,iteration1087,--
0,1,6.91689,-6.97706
--,iteration1088,--
0,1,6.75429,-6.8084
--,iteration1089,--
0,1,6.36767,-6.9139
--,iteration1090,--
0,1,6.45296,-7.54545
--,iteration1091,--
0,1,6.20379,-7.29966
--,iteration1092,--
0,1,5.83838,-7.633
--,iteration1093,--
0,1,5.65015,-7.88005
--,iteration1094,--
0,1,5.25405,-7.93462
--,iteration1095,--
0,1,5.28265,-8.37403
--,iteration1096,--
0,1,5.10867,-8.43721
--,iteration1097,--
0,1,4.70525,-8.39163
--,iteration1098,--
0,1,4.74811,-8.87444
--,iteration1099,--
0,1,4.57274,-8.80159
--,iteration1100,--
0,1,4.6818,-9.13
--,iteration1101,--
0,1,4.40251,-8.90711
--,iteration1102,--
0,1,4.53012,-9.00506
--,iteration1103,--
0,1,4.58709,-9.29803
--,iteration1104,--
0,1,4.86623,-9.37819
--,iteration1105,--
0,1,4.97355,-9.43447
--,iteration1106,--
0,1,5.06403,-9.93209
--,iteration1107,--
0,1,5.32578,-9.78174
--,iteration1108,--
0,1,5.17958,-9.98674
--,iteration1109,--
0,1,5.46993,-10.3078
--,iteration1110,--
0,1,5.4775,-10.112
--,iteration1111,--
0,1,5.99458,-10.3709
--,iteration1112,--
0,1,6.07707,-10.2241
--,iteration1113,--
0,1,6.02513,-10.6232
--,iteration1114,--
0,1,6.09183,-10.6177
--,iteration1115,--
0,1,6.07432,-10.9472
--,iteration1116,--
0,1,5.99521,-11.1524
--,iteration1117,--
0,1,5.58111,-10.8231
--,iteration1118,--
0,1,5.86442,-11.0992
--,iteration1119,--
0,1,6.17478,-11.1178
--,iteration1120,--
0,1,6.2843,-10.9805
--,iteration1121,--
0,1,6.39791,-10.9639
--,iteration1122,--
0,1,6.20539,-10.9151
--,iteration1123,--
0,1,6.53014,-11.2951
--,iteration1124,--
0,1,6.37212,-11.2652
--,iteration1125,--
0,1,6.08332,-11.0592
--,iteration1126,--
0,1,6.41364,-11.5566
--,iteration1127,--
0,1,6.13768,-11.0097
--,iteration1128,--
0,1,6.49187,-11.1031
--,iteration1129,--
0,1,6.33469,-10.9506
--,iteration1130,--
0,1,6.71339,-10.8038
--,iteration1131,--
0,1,6.68019,-10.5393
--,iteration1132,--
0,1,6.62463,-10.0072
--,iteration1133,--
0,1,6.81225,-10.0691
--,iteration1134,--
0,1,6.69723,-9.8479
--,iteration1135,--
0,1,6.98886,-9.94663
--,iteration1136,--
0,1,6.53846,-9.67845
--,iteration1137,--
0,1,7.09564,-10.0087
--,iteration1138,--
0,1,6.97347,-9.41223
--,iteration1139,--
0,1,6.75257,-9.44002
--,iteration1140,--
0,1,6.2526,-9.31085
--,iteration1141,--
0,1,6.36252,-9.38633
--,iteration1142,--
0,1,6.22727,-9.20224
--,iteration1143,--
0,1,6.10666,-9.29891
--,iteration1144,--
0,1,6.15526,-9.35264
--,iteration1145,--
0,1,6.40223,-9.57906
--,iteration1146,--
0,1,6.35854,-9.42185
--,iteration1147,--
0,1,6.3368,-9.4292
--,iteration1148,--
0,1,6.11565,-9.29514
--,iteration1149,--
0,1,6.19905,-9.62065
--,iteration1150,--
0,1,5.79112,-9.37594
--,iteration1151,--
0,1,6.57597,-9.72273
--,iteration1152,--
0,1,6.12924,-9.5489
--,iteration1153,--
0,1,6.06456,-9.46968
--,iteration1154,--
0,1,6.02734,-9.55399
--,iteration1155,--
0,1,6.25222,-9.83301
--,iteration1156,--
0,1,6.00654,-9.94758
--,iteration1157,--
0,1,5.87922,-9.83828
--,iteration1158,--
0,1,6.06628,-9.87596
--,iteration1159,--
0,1,5.89389,-9.88609
--,iteration1160,--
0,1,5.74103,-9.92522
--,iteration1161,--
0,1,6.22572,-9.88238
--,iteration1162,--
0,1,5.78674,-9.85358
--,iteration1163,--
0,1,6.08509,-10.0461
--,iteration1164,--
0,1,5.81597,-9.99371
--,iteration1165,--
0,1,5.55344,-9.93435
--,iteration1166,--
0,1,5.6748,-9.87615
--,iteration1167,--
0,1,5.9406,-9.90027
--,iteration1168,--
0,1,5.83152,-10.0471
--,iteration1169,--
0,1,5.75444,-9.84243
--,iteration1170,--
0,1,5.99708,-9.87458
--,iteration1171,--
0,1,5.98325,-10.0446
--,iteration1172,--
0,1,6.32816,-10.0747
--,iteration1173,--
0,1,6.02733,-9.99597
--,iteration1174,--
0,1,6.41107,-10.2855
--,iteration1175,--
0,1,5.78788,-10.019
--,iteration1176,--
0,1,6.1315,-10.2293
--,iteration1177,--
0,1,5.98418,-10.069
--,iteration1178,--
0,1,6.44147,-10.0528
--,iteration1179,--
0,1,5.89917,-9.87543
--,iteration1180,--
0,1,6.2345,-9.65819
--,iteration1181,--
0,1,6.66562,-9.53653
--,iteration1182,--
0,1,6.5531,-9.54441
--,iteration1183,--
0,1,6.71731,-9.56951
--,iteration1184,--
0,1,7.07413,-9.59419
--,iteration1185,--
0,1,6.76757,-9.84145
--,iteration1186,--
0,1,5.90562,-9.81728
--,iteration1187,--
0,1,6.54015,-9.9533
--,iteration1188,--
0,1,5.5323,-9.61352
--,iteration1189,--
0,1,5.27308,-9.60893
--,iteration1190,--
0,1,5.49507,-9.79393
--,iteration1191,--
0,1,5.32452,-9.83354
--,iteration1192,--
0,1,6.06954,-10.0634
--,iteration1193,--
0,1,6.10678,-10.1254
--,iteration1194,--
0,1,6.59004,-10.205
--,iteration1195,--
0,1,5.87592,-10.0296
--,iteration1196,--
0,1,6.26517,-9.96721
--,iteration1197,--
0,1,6.72777,-10.1232
--,iteration1198,--
0,1,5.96757,-10.219
--,iteration1199,--
0,1,6.73638,-10.3348
--,iteration1200,--
0,1,6.54818,-10.427
--,iteration1201,--
0,1,6.34525,-10.538
--,iteration1202,--
0,1,6.31411,-10.5162
--,iteration1203,--
0,1,6.32416,-10.4392
--,iteration1204,--
0,1,6.71239,-10.2455
--,iteration1205,--
0,1,6.41831,-10.3255
--,iteration1206,--
0,1,6.46034,-10.0656
--,iteration1207,--
0,1,6.89299,-10.1183
--,iteration1208,--
0,1,7.1634,-10.1015
--,iteration1209,--
0,1,7.00073,-10.1762
--,iteration1210,--
0,1,7.01182,-10.0786
--,iteration1211,--
0,1,6.93355,-9.642
--,iteration1212,--
0,1,7.14926,-9.40165
--,iteration1213,--
0,1,7.12329,-9.23796
--,iteration1214,--
0,1,7.46048,-9.08764
--,iteration1215,--
0,1,7.15956,-9.27755
--,iteration1216,--
0,1,7.20271,-9.60322
--,iteration1217,--
0,1,7.01283,-9.55728
--,iteration1218,--
0,1,7.0577,-9.84846
--,iteration1219,--
0,1,6.05473,-9.86082
--,iteration1220,--
0,1,6.12927,-9.69494
--,iteration1221,--
0,1,5.90749,-9.61755
--,iteration1222,--
0,1,6.23512,-9.39367
--,iteration1223,--
0,1,6.14752,-9.37543
--,iteration1224,--
0,1,5.94248,-9.20555
--,iteration1225,--
0,1,6.36915,-8.96495
--,iteration1226,--
0,1,6.65808,-9.15952
--,iteration1227,--
0,1,6.54767,-9.25421
--,iteration1228,--
0,1,6.18476,-9.395
--,iteration1229,--
0,1,6.23289,-9.59336
--,iteration1230,--
0,1,5.5211,-9.64337
--,iteration1231,--
0,1,5.74469,-9.34371
--,iteration1232,--
0,1,5.33883,-9.36313
--,iteration1233,--
0,1,5.38984,-9.31664
--,iteration1234,--
0,1,5.06393,-9.53108
--,iteration1235,--
0,1,5.34373,-9.42485
--,iteration1236,--
0,1,5.19943,-9.62065
--,iteration1237,--
0,1,4.89228,-9.51419
--,iteration1238,--
0,1,5.01732,-9.68227
--,iteration1239,--
0,1,5.13734,-10.3941
--,iteration1240,--
0,1,5.18485,-10.715
--,iteration1241,--
0,1,5.27004,-10.639
--,iteration1242,--
0,1,5.76185,-10.4588
--,iteration1243,--
0,1,5.51743,-11.0579
--,iteration1244,--
0,1,5.97589,-10.8865
--,iteration1245,--
0,1,5.75096,-11.4809
--,iteration1246,--
0,1,5.53673,-11.5814
--,iteration1247,--
0,1,5.50636,-11.2079
--,iteration1248,--
0,1,5.69257,-11.0476
--,iteration1249,--
0,1,5.66661,-11.0599
--,iteration1250,--
0,1,5.96068,-11.1119
--,iteration1251,--
0,1,5.60181,-10.9233
--,iteration1252,--
0,1,6.3994,-10.5745
--,iteration1253,--
0,1,6.50819,-10.6999
--,iteration1254,--
0,1,6.52996,-10.4435
--,iteration1255,--
0,1,6.92649,-10.1816
--,iteration1256,--
0,1,6.87604,-10.7
--,iteration1257,--
0,1,6.79339,-10.3993
--,iteration1258,--
0,1,7.04368,-10.2653
--,iteration1259,--
0,1,6.79627,-10.1649
--,iteration1260,--
0,1,6.39448,-10.1755
--,iteration1261,--
0,1,6.18594,-10.0776
--,iteration1262,--
0,1,6.04807,-9.56976
--,iteration1263,--
0,1,5.59268,-9.5612
--,iteration1264,--
0,1,5.50984,-8.94231
--,iteration1265,--
0,1,5.28812,-9.08237
--,iteration1266,--
0,1,5.17702,-9.05862
--,iteration1267,--
0,1,5.09046,-9.55388
--,iteration1268,--
0,1,4.5006,-9.35867
--,iteration1269,--
0,1,4.53553,-9.24134
--,iteration1270,--
0,1,4.60434,-9.5686
--,iteration1271,--
0,1,4.60657,-10.3186
--,iteration1272,--
0,1,9.17157,-9.98659
--,iteration1273,--
0,1,13.7366,-9.23659
--,iteration1274,--
0,1,18.3016,-8.48658
--,iteration1275,--
0,1,22.8666,-7.73658
--,iteration1276,--
0,1,27.4316,-6.98658
--,iteration1277,--
0,1,31.9966,-6.23658
--,iteration1278,--
0,1,36.5616,-5.48658
--,iteration1279,--
0,1,41.1248,-4.90554
--,iteration1280,--
0,1,44.6965,-5.15503
--,iteration1281,--
0,1,47.5473,-5.90503
--,iteration1282,--
0,1,49.4903,-6.0928
--,iteration1283,--
0,1,50.1147,-6.37562
--,iteration1284,--
0,1,51.1596,-5.83793
--,iteration1285,--
0,1,51.0223,-6.14779
--,iteration1286,--
0,1,51.3562,-5.88585
--,iteration1287,--
0,1,49.0167,-6.63585
--,iteration1288,--
0,1,47.8131,-7.38585
--,iteration1289,--
0,1,46.6549,-8.13585
--,iteration1290,--
0,1,46.5798,-8.88585
--,iteration1291,--
0,1,46.2735,-9.13883
--,iteration1292,--
0,1,45.8491,-8.93806
--,iteration1293,--
0,1,44.9233,-8.25944
--,iteration1294,--
0,1,43.9144,-8.5827
--,iteration1295,--
0,1,42.9127,-9.13
--,iteration1296,--
0,1,41.4227,-8.64771
--,iteration1297,--
0,1,40.0051,-9.37586
--,iteration1298,--
0,1,38.297,-9.69411
--,iteration1299,--
0,1,36.0441,-9.58245
--,iteration1300,--
0,1,34.1777,-9.74472
--,iteration1301,--
0,1,32.1293,-9.36129
--,iteration1302,--
0,1,30.6663,-10.1113
--,iteration1303,--
0,1,29.1366,-9.86906
--,iteration1304,--
0,1,27.1337,-9.97161
--,iteration1305,--
0,1,25.1771,-10.0226
--,iteration1306,--
0,1,24.0205,-10.2616
--,iteration1307,--
0,1,22.7674,-11.0116
--,iteration1308,--
0,1,20.9811,-10.8175
--,iteration1309,--
0,1,19.1509,-11.5675
--,iteration1310,--
0,1,17.4917,-11.1403
--,iteration1311,--
0,1,16.4626,-11.1762
--,iteration1312,--
0,1,15.4029,-11.8575
--,iteration1313,--
0,1,14.0156,-11.3694
--,iteration1314,--
0,1,13.2006,-11.5955
--,iteration1315,--
0,1,12.5364,-12.3455
--,iteration1316,--
0,1,11.9107,-12.4748
--,iteration1317,--
0,1,11.4766,-12.2388
--,iteration1318,--
0,1,11.2046,-12.9667
--,iteration1319,--
0,1,10.2938,-12.4674
--,iteration1320,--
0,1,10.2079,-13.1017
--,iteration1321,--
0,1,9.6206,-12.7059
--,iteration1322,--
0,1,9.75382,-12.4905
--,iteration1323,--
0,1,10.0012,-13.1703
--,iteration1324,--
0,1,9.99984,-13.3331
--,iteration1325,--
0,1,10.3112,-12.6118
--,iteration1326,--
0,1,10.6847,-12.9715
--,iteration1327,--
0,1,10.2576,-12.3316
--,iteration1328,--
0,1,10.7129,-11.9739
--,iteration1329,--
0,1,10.8449,-11.4398
--,iteration1330,--
0,1,11.3156,-11.0292
--,iteration1331,--
0,1,11.023,-10.2792
--,iteration1332,--
0,1,11.7853,-11.0292
--,iteration1333,--
0,1,11.6929,-10.2792
--,iteration1334,--
0,1,12.624,-10.4844
--,iteration1335,--
0,1,12.0299,-9.73435
--,iteration1336,--
0,1,12.5697,-9.72754
--,iteration1337,--
0,1,11.8291,-9.28148
--,iteration1338,--
0,1,11.8193,-8.69903
--,iteration1339,--
0,1,11.411,-7.94903
--,iteration1340,--
0,1,11.9084,-7.89863
--,iteration1341,--
0,1,12.0415,-8.09345
--,iteration1342,--
0,1,12.1532,-7.71269
--,iteration1343,--
0,1,12.059,-7.49435
--,iteration1344,--
0,1,11.3898,-6.85978
--,iteration1345,--
0,1,11.6896,-6.12861
--,iteration1346,--
0,1,11.184,-6.41013
--,iteration1347,--
0,1,11.2043,-6.45357
--,iteration1348,--
0,1,10.8543,-6.37398
--,iteration1349,--
0,1,10.5689,-6.52439
--,iteration1350,--
0,1,10.21,-6.44953
--,iteration1351,--
0,1,9.3761,-6.98017
--,iteration1352,--
0,1,9.22392,-7.24747
--,iteration1353,--
0,1,8.2013,-7.09744
--,iteration1354,--
0,1,7.85907,-7.35056
--,iteration1355,--
0,1,7.81369,-7.5405
--,iteration1356,--
0,1,7.12705,-7.58068
--,iteration1357,--
0,1,7.27435,-7.84671
--,iteration1358,--
0,1,6.72593,-8.06471
--,iteration1359,--
0,1,7.21031,-8.36177
--,iteration1360,--
0,1,6.52174,-8.53713
--,iteration1361,--
0,1,5.67608,-8.438
--,iteration1362,--
0,1,6.19758,-8.79228
--,iteration1363,--
0,1,5.84699,-9.17385
--,iteration1364,--
0,1,5.39664,-9.46237
--,iteration1365,--
0,1,5.44442,-8.9778
--,iteration1366,--
0,1,5.96477,-9.63312
--,iteration1367,--
0,1,6.19229,-10.2301
--,iteration1368,--
0,1,6.13665,-9.76731
--,iteration1369,--
0,1,6.24647,-9.73583
--,iteration1370,--
0,1,6.26871,-9.37577
--,iteration1371,--
0,1,6.56947,-8.88791
--,iteration1372,--
0,1,6.42007,-8.29472
--,iteration1373,--
0,1,7.00341,-8.94502
--,iteration1374,--
0,1,7.40494,-9.12743
--,iteration1375,--
0,1,6.98654,-9.1392
--,iteration1376,--
0,1,7.78696,-9.12399
--,iteration1377,--
0,1,7.69434,-9.27529
--,iteration1378,--
0,1,7.73564,-9.62942
--,iteration1379,--
0,1,8.4377,-10.213
--,iteration1380,--
0,1,7.89587,-10.3824
--,iteration1381,--
0,1,7.95676,-10.3921
--,iteration1382,--
0,1,7.80669,-10.2119
--,iteration1383,--
0,1,8.15121,-10.8294
--,iteration1384,--
0,1,8.67469,-10.8514
--,iteration1385,--
0,1,9.15632,-11.0283
--,iteration1386,--
0,1,9.0716,-10.9629
--,iteration1387,--
0,1,9.50513,-10.899
--,iteration1388,--
0,1,9.8465,-10.9578
--,iteration1389,--
0,1,10.2841,-10.8636
--,iteration1390,--
0,1,10.3382,-10.5617
--,iteration1391,--
0,1,10.3929,-10.6395
--,iteration1392,--
0,1,10.4333,-10.4579
--,iteration1393,--
0,1,11.419,-10.8168
--,iteration1394,--
0,1,11.3693,-11.125
--,iteration1395,--
0,1,11.9392,-10.8428
--,iteration1396,--
0,1,11.7123,-10.8304
--,iteration1397,--
0,1,12.2873,-10.8286
--,iteration1398,--
0,1,11.6692,-10.2905
--,iteration1399,--
0,1,11.803,-9.54049
--,iteration1400,--
0,1,11.4543,-8.79049
--,iteration1401,--
0,1,12.4606,-8.77755
--,iteration1402,--
0,1,12.4268,-9.0275
--,iteration1403,--
0,1,12.5587,-8.96025
--,iteration1404,--
0,1,12.7828,-8.82667
--,iteration1405,--
0,1,12.4648,-8.5812
--,iteration1406,--
0,1,12.3575,-8.17592
--,iteration1407,--
0,1,11.8295,-7.50599
--,iteration1408,--
0,1,11.4861,-7.2343
--,iteration1409,--
0,1,11.4242,-6.72184
--,iteration1410,--
0,1,11.287,-6.69876
--,iteration1411,--
0,1,11.0628,-7.16324
--,iteration1412,--
0,1,10.9654,-7.09845
--,iteration1413,--
0,1,10.8498,-7.23234
--,iteration1414,--
0,1,10.6697,-7.54449
--,iteration1415,--
0,1,9.95213,-7.96311
--,iteration1416,--
0,1,9.53621,-7.63088
--,iteration1417,--
0,1,9.02557,-7.90923
--,iteration1418,--
0,1,8.64205,-8.21642
--,iteration1419,--
0,1,8.57115,-8.00965
--,iteration1420,--
0,1,7.91518,-8.28685
--,iteration1421,--
0,1,8.13573,-8.34321
--,iteration1422,--
0,1,7.83089,-8.8269
--,iteration1423,--
0,1,7.63556,-8.99987
--,iteration1424,--
0,1,7.68875,-8.97979
--,iteration1425,--
0,1,7.83811,-9.08063
--,iteration1426,--
0,1,7.44412,-9.28057
--,iteration1427,--
0,1,7.2562,-9.31466
--,iteration1428,--
0,1,7.19344,-9.59925
--,iteration1429,--
0,1,7.3775,-9.45453
--,iteration1430,--
0,1,7.13966,-9.37258
--,iteration1431,--
0,1,7.48887,-9.91305
--,iteration1432,--
0,1,7.33235,-10.364
--,iteration1433,--
0,1,7.536,-10.0041
--,iteration1434,--
0,1,7.68559,-10.7541
--,iteration1435,--
0,1,8.05332,-11.1123
--,iteration1436,--
0,1,7.97566,-11.3245
--,iteration1437,--
0,1,7.93779,-11.661
--,iteration1438,--
0,1,8.25542,-11.1624
--,iteration1439,--
0,1,8.5745,-11.434
--,iteration1440,--
0,1,9.1764,-11.9347
--,iteration1441,--
0,1,9.33197,-11.7137
--,iteration1442,--
0,1,9.71127,-11.4153
--,iteration1443,--
0,1,10.2716,-11.1375
--,iteration1444,--
0,1,10.8329,-11.6626
--,iteration1445,--
0,1,11.1068,-10.9546
--,iteration1446,--
0,1,11.5733,-10.2046
--,iteration1447,--
0,1,11.869,-10.7721
--,iteration1448,--
0,1,12.1252,-10.7072
--,iteration1449,--
0,1,12.7193,-9.95718
--,iteration1450,--
0,1,12.7337,-9.20718
--,iteration1451,--
0,1,13.065,-8.85143
--,iteration1452,--
0,1,13.2127,-8.94539
--,iteration1453,--
0,1,13.4077,-8.49066
--,iteration1454,--
0,1,13.1032,-7.95225
--,iteration1455,--
0,1,13.0734,-8.22981
--,iteration1456,--
0,1,12.9072,-7.64226
--,iteration1457,--
0,1,12.4583,-6.89769
--,iteration1458,--
0,1,12.3622,-6.83251
--,iteration1459,--
0,1,12.3776,-6.7673
--,iteration1460,--
0,1,11.755,-6.60948
--,iteration1461,--
0,1,11.4108,-6.33466
--,iteration1462,--
0,1,11.1738,-6.80805
--,iteration1463,--
0,1,10.888,-7.33797
--,iteration1464,--
0,1,10.7884,-7.58232
--,iteration1465,--
0,1,10.6116,-7.74738
--,iteration1466,--
0,1,9.70261,-7.31628
--,iteration1467,--
0,1,9.2626,-7.5928
--,iteration1468,--
0,1,8.73945,-7.97066
--,iteration1469,--
0,1,8.4196,-8.24005
--,iteration1470,--
0,1,8.27732,-8.44412
--,iteration1471,--
0,1,7.92846,-8.18627
--,iteration1472,--
0,1,7.21687,-7.93771
--,iteration1473,--
0,1,7.02195,-8.10036
--,iteration1474,--
0,1,6.85569,-8.48493
--,iteration1475,--
0,1,6.96469,-9.02987
--,iteration1476,--
0,1,6.64889,-9.08609
--,iteration1477,--
0,1,7.18948,-9.83609
--,iteration1478,--
0,1,6.62217,-9.38111
--,iteration1479,--
0,1,6.49243,-9.65292
--,iteration1480,--
0,1,6.21829,-9.54908
--,iteration1481,--
0,1,6.28862,-9.72795
--,iteration1482,--
0,1,5.94356,-10.3651
--,iteration1483,--
0,1,5.98042,-10.084
--,iteration1484,--
0,1,6.4998,-10.3109
--,iteration1485,--
0,1,6.45988,-10.6157
--,iteration1486,--
0,1,6.96032,-10.1372
--,iteration1487,--
0,1,7.35245,-10.2858
--,iteration1488,--
0,1,7.20937,-9.80976
--,iteration1489,--
0,1,8.24899,-10.5598
--,iteration1490,--
0,1,7.90297,-9.83448
--,iteration1491,--
0,1,8.4359,-10.4254
--,iteration1492,--
0,1,9.16826,-10.7825
--,iteration1493,--
0,1,8.53594,-10.0325
--,iteration1494,--
0,1,9.19875,-10.6864
--,iteration1495,--
0,1,9.57002,-10.7562
--,iteration1496,--
0,1,9.60591,-10.6166
--,iteration1497,--
0,1,9.99623,-10.5762
--,iteration1498,--
0,1,10.2685,-10.5857
--,iteration1499,--
0,1,10.8482,-10.3347
--,iteration1500,--
0,1,10.7978,-9.95287
--,iteration1501,--
0,1,11.0768,-9.69925
--,iteration1502,--
0,1,11.338,-9.89505
--,iteration1503,--
0,1,11.706,-10.2532
--,iteration1504,--
0,1,11.6745,-9.73372
--,iteration1505,--
0,1,12.078,-9.28668
--,iteration1506,--
0,1,12.3013,-9.41373
--,iteration1507,--
0,1,11.9427,-8.92058
--,iteration1508,--
0,1,12.5551,-9.06088
--,iteration1509,--
0,1,12.7253,-9.05962
--,iteration1510,--
0,1,12.3686,-8.64081
--,iteration1511,--
0,1,12.3243,-8.38165
--,iteration1512,--
0,1,12.2742,-7.79355
--,iteration1513,--
0,1,11.9898,-8.18453
--,iteration1514,--
0,1,12.0971,-8.12565
--,iteration1515,--
0,1,11.2071,-8.10149
--,iteration1516,--
0,1,11.3841,-8.27971
--,iteration1517,--
0,1,10.7277,-7.52971
--,iteration1518,--
0,1,10.6487,-8.01994
--,iteration1519,--
0,1,10.3458,-7.88523
--,iteration1520,--
0,1,10.0696,-7.90052
--,iteration1521,--
0,1,9.07647,-7.74734
--,iteration1522,--
0,1,9.99236,-8.4223
--,iteration1523,--
0,1,9.2637,-8.25786
--,iteration1524,--
0,1,9.04411,-8.1587
--,iteration1525,--
0,1,8.25226,-8.09459
--,iteration1526,--
0,1,7.45088,-7.96339
--,iteration1527,--
0,1,7.61004,-8.61991
--,iteration1528,--
0,1,7.53912,-8.64744
--,iteration1529,--
0,1,7.26049,-8.97096
--,iteration1530,--
0,1,7.29451,-9.32938
--,iteration1531,--
0,1,6.45396,-9.55257
--,iteration1532,--
0,1,6.46386,-9.88343
--,iteration1533,--
0,1,6.51054,-10.3222
--,iteration1534,--
0,1,6.53243,-9.87311
--,iteration1535,--
0,1,6.71313,-10.2093
--,iteration1536,--
0,1,7.05264,-10.7497
--,iteration1537,--
0,1,7.24867,-10.9271
--,iteration1538,--
0,1,7.72637,-10.9078
--,iteration1539,--
0,1,7.7859,-10.5312
--,iteration1540,--
0,1,8.03506,-10.5759
--,iteration1541,--
0,1,8.61698,-10.5423
--,iteration1542,--
0,1,9.70503,-10.6311
--,iteration1543,--
0,1,10.188,-11.318
--,iteration1544,--
0,1,9.74084,-11.1976
--,iteration1545,--
0,1,9.88825,-11.0295
--,iteration1546,--
0,1,10.1993,-10.614
--,iteration1547,--
0,1,10.5924,-9.86405
--,iteration1548,--
0,1,10.315,-10.0732
--,iteration1549,--
0,1,10.4682,-9.72653
--,iteration1550,--
0,1,10.745,-9.41297
--,iteration1551,--
0,1,10.8555,-9.46222
--,iteration1552,--
0,1,10.4824,-9.28845
--,iteration1553,--
0,1,11.1453,-9.34195
--,iteration1554,--
0,1,10.9425,-9.29568
--,iteration1555,--
0,1,11.3736,-8.84913
--,iteration1556,--
0,1,11.1727,-9.35735
--,iteration1557,--
0,1,10.8727,-8.72328
--,iteration1558,--
0,1,11.2516,-8.96905
--,iteration1559,--
0,1,11.2624,-8.21905
--,iteration1560,--
0,1,11.2696,-8.28334
--,iteration1561,--
0,1,11.0484,-7.53484
--,iteration1562,--
0,1,11.1929,-7.64656
--,iteration1563,--
0,1,10.4442,-7.99878
--,iteration1564,--
0,1,10.2425,-7.95966
--,iteration1565,--
0,1,10.0302,-7.79138
--,iteration1566,--
0,1,9.75967,-8.12465
--,iteration1567,--
0,1,9.75627,-7.86574
--,iteration1568,--
0,1,9.08791,-8.10039
--,iteration1569,--
0,1,8.95624,-7.61508
--,iteration1570,--
0,1,8.45731,-7.91346
--,iteration1571,--
0,1,8.16047,-8.22366
--,iteration1572,--
0,1,7.96466,-8.31844
--,iteration1573,--
0,1,7.78588,-8.4949
--,iteration1574,--
0,1,7.41067,-8.47098
--,iteration1575,--
0,1,7.50689,-7.77689
--,iteration1576,--
0,1,7.25235,-8.45873
--,iteration1577,--
0,1,7.23244,-8.53667
--,iteration1578,--
0,1,7.19994,-8.86088
--,iteration1579,--
0,1,4.31555,-9.15386
--,iteration1580,--
0,1,1.50237,-9.90386
--,iteration1581,--
0,1,-0.0549099,-10.2568
--,iteration1582,--
0,1,0.206563,-11.0068
--,iteration1583,--
0,1,0.801751,-10.598
--,iteration1584,--
0,1,1.27337,-10.5077
--,iteration1585,--
0,1,1.42015,-10.2531
--,iteration1586,--
0,1,1.49405,-9.87843
--,iteration1587,--
0,1,1.81989,-10.2513
--,iteration1588,--
0,1,2.18106,-10.2926
--,iteration1589,--
0,1,2.3071,-11.0426
--,iteration1590,--
0,1,2.50278,-10.5971
--,iteration1591,--
0,1,2.34173,-10.4281
--,iteration1592,--
1,1,-1.41636,-11.1781
--,iteration1593,--
2,1,-5.98136,-11.9281
--,iteration1594,--
3,1,-8.82746,-12.6781
--,iteration1595,--
4,1,-11.7036,-13.4281
--,iteration1596,--
5,1,-14.2175,-12.7862
--,iteration1597,--
6,1,-17.496,-13.5362
--,iteration1598,--
7,1,-20.6288,-12.7862
--,iteration1599,--
7,1,-19.1761,-12.9699
--,iteration1600,--
7,1,-17.6519,-12.2199
--,iteration1601,--
7,1,-17.0805,-11.4699
--,iteration1602,--
7,1,-17.2111,-10.7199
--,iteration1603,--
7,1,-17.9858,-9.9699
--,iteration1604,--
7,1,-18.2679,-9.2199
--,iteration1605,--
7,1,-18.5472,-8.4699
--,iteration1606,--
7,1,-18.3215,-7.7199
--,iteration1607,--
7,1,-17.831,-6.9699
--,iteration1608,--
7,1,-17.519,-6.2199
--,iteration1609,--
7,1,-17.0243,-5.4699
--,iteration1610,--
7,1,-16.2931,-4.7199
--,iteration1611,--
7,1,-15.7832,-3.9699
--,iteration1612,--
7,1,-14.9559,-3.2199
--,iteration1613,--
7,1,-14.3457,-2.4699
--,iteration1614,--
7,1,-13.4505,-1.7199
--,iteration1615,--
7,1,-12.3076,-0.969896
--,iteration1616,--
7,1,-11.4802,-0.219896
--,iteration1617,--
7,1,-10.4729,0.530105
--,iteration1618,--
7,1,-9.76012,1.28011
--,iteration1619,--
7,1,-8.74737,2.03011
--,iteration1620,--
7,1,-7.96457,2.78011
--,iteration1621,--
7,1,-7.03232,3.53011
--,iteration1622,--
7,1,-6.33951,4.28011
--,iteration1623,--
7,1,-5.71193,5.03011
--,iteration1624,--
7,1,-5.4118,5.78011
--,iteration1625,--
7,1,-5.21537,6.53011
--,iteration1626,--
7,1,-5.35799,7.28011
--,iteration1627,--
7,1,-5.56006,8.03011
--,iteration1628,--
7,1,-6.26041,8.78011
--,iteration1629,--
7,1,-7.02512,9.53011
--,iteration1630,--
7,1,-11.5901,10.2801
--,iteration1631,--
7,1,-16.1551,11.0301
--,iteration1632,--
7,1,-20.7201,11.7801
--,iteration1633,--
7,1,-25.2851,12.5301
--,iteration1634,--
7,1,-29.8501,12.7842
